2022257N16312,2022,31,NA,NA,FIONA,2022-09-14 06:00:00,TS,16.0000,-47.9000,25,1010,hurdat_atl,main,1312,1305,O_____________,hurdat_atl,AL072022,16.0000,-47.9000, ,TD,25,1010,-1, , , , , , , , , , , , ,1012,140,70, , , , , , , , , , , , , , , , , , , , , , , , , , , , , , , , , , , , , , , , , , , , , , , , , , , , , , , , , , , , , , , , , , , , , , , , , , , , , , , , , , , , , , , , , , , , , , , , , , , , , , , , , , , , , , , , , , , , , , , , ,13,290
2022257N16312,2022,31,NA,NA,FIONA,2022-09-14 09:00:00,TS,16.2155,-48.5247, , , ,main,1307,1300,P_____________, ,AL072022,16.2155,-48.5247, ,TD,27,1009,-1, , , , , , , , , , , , ,1012,130,65, , , , , , , , , , , , , , , , , , , , , , , , , , , , , , , , , , , , , , , , , , , , , , , , , , , , , , , , , , , , , , , , , , , , , , , , , , , , , , , , , , , , , , , , , , , , , , , , , , , , , , , , , , , , , , , , , , , , , , , , ,12,289
2022257N16312,2022,31,NA,NA,FIONA,2022-09-14 12:00:00,TS,16.4000,-49.1000,30,1009,hurdat_atl,main,1300,1288,O_____________,hurdat_atl,AL072022,16.4000,-49.1000, ,TD,30,1009,-1, , , , , , , , , , , , ,1012,120,60, , , , , , , , , , , , , , , , , , , , , , , , , , , , , , , , , , , , , , , , , , , , , , , , , , , , , , , , , , , , , , , , , , , , , , , , , , , , , , , , , , , , , , , , , , , , , , , , , , , , , , , , , , , , , , ,40, , , , , , , , , ,11,287
2022257N16312,2022,31,NA,NA,FIONA,2022-09-14 15:00:00,TS,16.5297,-49.6001, , , ,main,1288,1278,P_____________, ,AL072022,16.5297,-49.6001, ,TD,32,1007,-1, , , , , , , , , , , , ,1011,130,55, , , , , , , , , , , , , , , , , , , , , , , , , , , , , , , , , , , , , , , , , , , , , , , , , , , , , , , , , , , , , , , , , , , , , , , , , , , , , , , , , , , , , , , , , , , , , , , , , , , , , , , , , , , , , , , , , , , , , , , , ,10,282
2022257N16312,2022,31,NA,NA,FIONA,2022-09-14 18:00:00,TS,16.6000,-50.1000,35,1006,hurdat_atl,main,1278,1257,O_____________,hurdat_atl,AL072022,16.6000,-50.1000, ,TS,35,1006,0,60,60, , , , , , , , , , ,1011,140,50, , , , , , , , , , , , , , , , , , , , , , , , , , , , , , , , , , , , , , , , , , , , , , , , , , , , , , , , , , , , , , , , , , , , , , , , , , , , , , , , , , , , , , , , , , , , , , , , , , , , , , , , , , , , , , ,40, , , , , , , , , ,11,275
2022257N16312,2022,31,NA,NA,FIONA,2022-09-14 21:00:00,TS,16.6225,-50.6926, , , ,main,1257,1238,P_____________, ,AL072022,16.6225,-50.6926, ,TS,40,1004,0,80,90, , , , , , , , , , ,1011,140,50, , , , , , , , , , , , , , , , , , , , , , , , , , , , , , , , , , , , , , , , , , , , , , , , , , , , , , , , , , , , , , , , , , , , , , , , , , , , , , , , , , , , , , , , , , , , , , , , , , , , , , , , , , , , , , , , , , , , , , , , ,12,270
2022257N16312,2022,31,NA,NA,FIONA,2022-09-15 00:00:00,TS,16.6000,-51.3000,45,1002,hurdat_atl,main,1238,1193,O_____________,hurdat_atl,AL072022,16.6000,-51.3000, ,TS,45,1002,0,100,120, , , , , , , , , , ,1011,140,50, , , , , , , , , , , , , , , , , , , , , , , , , , , , , , , , , , , , , , , , , , , , , , , , , , , , , , , , , , , , , , , , , , , , , , , , , , , , , , , , , , , , , , , , , , , , , , , , , , , , , , , , , , , , , , ,40, , , , ,12,105,30, ,105,11,267
2022257N16312,2022,31,NA,NA,FIONA,2022-09-15 03:00:00,TS,16.5572,-51.8500, , , ,main,1184,1133,P_____________, ,AL072022,16.5572,-51.8500, ,TS,45,1002,0,100,120, , , , , , , , , , ,1011,140,50, , , , , , , , , , , , , , , , , , , , , , , , , , , , , , , , , , , , , , , , , , , , , , , , , , , , , , , , , , , , , , , , , , , , , , , , , , , , , , , , , , , , , , , , , , , , , , , , , , , , , , , , , , , , , , , , , , , ,12,105,30, ,105,11,265
2022257N16312,2022,31,NA,NA,FIONA,2022-09-15 06:00:00,TS,16.5000,-52.4000,45,1002,hurdat_atl,main,1133,1081,O_____________,hurdat_atl,AL072022,16.5000,-52.4000, ,TS,45,1002,0,100,120, , , , , , , , , , ,1011,140,50, , , , , , , , , , , , , , , , , , , , , , , , , , , , , , , , , , , , , , , , , , , , , , , , , , , , , , , , , , , , , , , , , , , , , , , , , , , , , , , , , , , , , , , , , , , , , , , , , , , , , , , , , , , , , , ,55, , , , ,12,105,30, ,105,11,264
2022257N16312,2022,31,NA,NA,FIONA,2022-09-15 09:00:00,TS,16.4499,-52.9925, , , ,main,1074,1023,P_____________, ,AL072022,16.4499,-52.9925, ,TS,45,1002,0,110,115, , , , , , , , , , ,1011,120,50, , , , , , , , , , , , , , , , , , , , , , , , , , , , , , , , , , , , , , , , , , , , , , , , , , , , , , , , , , , , , , , , , , , , , , , , , , , , , , , , , , , , , , , , , , , , , , , , , , , , , , , , , , , , , , , , , , , ,12,127,60, ,127,12,265
2022257N16312,2022,31,NA,NA,FIONA,2022-09-15 12:00:00,TS,16.4000,-53.6000,45,1002,hurdat_atl,main,1023,973,O_____________,hurdat_atl,AL072022,16.4000,-53.6000, ,TS,45,1002,0,120,110, ,100, , , , , , , , ,1011,100,50, , , , , , , , , , , , , , , , , , , , , , , , , , , , , , , , , , , , , , , , , , , , , , , , , , , , , , , , , , , , , , , , , , , , , , , , , , , , , , , , , , , , , , , , , , , , , , , , , , , , , , , , , , , , , , ,55, , , , ,12,150,90, ,150,11,265
2022257N16312,2022,31,NA,NA,FIONA,2022-09-15 15:00:00,TS,16.3572,-54.1849, , , ,main,973,917,P_____________, ,AL072022,16.3572,-54.1849, ,TS,47,1004,0,120,110, ,100, , , , , , , , ,1011,110,40, , , , , , , , , , , , , , , , , , , , , , , , , , , , , , , , , , , , , , , , , , , , , , , , , , , , , , , , , , , , , , , , , , , , , , , , , , , , , , , , , , , , , , , , , , , , , , , , , , , , , , , , , , , , , , , , , , , ,12,165,105, ,150,12,265
2022257N16312,2022,31,NA,NA,FIONA,2022-09-15 18:00:00,TS,16.3000,-54.8000,50,1006,hurdat_atl,main,917,856,O_____________,hurdat_atl,AL072022,16.3000,-54.8000, ,TS,50,1006,0,120,110, ,100,30, , , , , , , ,1011,120,30, , , , , , , , , , , , , , , , , , , , , , , , , , , , , , , , , , , , , , , , , , , , , , , , , , , , , , , , , , , , , , , , , , , , , , , , , , , , , , , , , , , , , , , , , , , , , , , , , , , , , , , , , , , , , , ,60, , , , ,12,180,120, ,150,13,264
2022257N16312,2022,31,NA,NA,FIONA,2022-09-15 21:00:00,TS,16.2150,-55.4925, , , ,main,856,796,P_____________, ,AL072022,16.2150,-55.4925, ,TS,50,1005,0,120,110, ,100,30, , , , , , , ,1011,120,30, , , , , , , , , , , , , , , , , , , , , , , , , , , , , , , , , , , , , , , , , , , , , , , , , , , , , , , , , , , , , , , , , , , , , , , , , , , , , , , , , , , , , , , , , , , , , , , , , , , , , , , , , , , , , , , , , , , ,12,180,120, ,150,14,262
2022257N16312,2022,31,NA,NA,FIONA,2022-09-16 00:00:00,TS,16.1000,-56.2000,50,1005,hurdat_atl,main,796,738,O_____________,hurdat_atl,AL072022,16.1000,-56.2000, ,TS,50,1005,0,120,110, ,100,30, , , , , , , ,1011,120,30, , , , , , , , , , , , , , , , , , , , , , , , , , , , , , , , , , , , , , , , , , , , , , , , , , , , , , , , , , , , , , , , , , , , , , , , , , , , , , , , , , , , , , , , , , , , , , , , , , , , , , , , , , , , , , ,60, , , , ,12,180,120, ,150,13,258
2022257N16312,2022,31,NA,NA,FIONA,2022-09-16 03:00:00,TS,15.9347,-56.8577, , , ,main,732,685,P_____________, ,AL072022,15.9347,-56.8577, ,TS,50,1005,0,120,110, ,100,30, , , , , , , ,1011,135,30, , , , , , , , , , , , , , , , , , , , , , , , , , , , , , , , , , , , , , , , , , , , , , , , , , , , , , , , , , , , , , , , , , , , , , , , , , , , , , , , , , , , , , , , , , , , , , , , , , , , , , , , , , , , , , , , , , , ,12,225,120, ,195,13,257
2022257N16312,2022,31,NA,NA,FIONA,2022-09-16 06:00:00,TS,15.8000,-57.5000,50,1005,hurdat_atl,main,685,641,O_____________,hurdat_atl,AL072022,15.8000,-57.5000, ,TS,50,1005,0,120,110, ,100,30, , , , , , , ,1011,150,30, , , , , , , , , , , , , , , , , , , , , , , , , , , , , , , , , , , , , , , , , , , , , , , , , , , , , , , , , , , , , , , , , , , , , , , , , , , , , , , , , , , , , , , , , , , , , , , , , , , , , , , , , , , , , , ,60, , , , ,12,270,120,30,240,12,261
2022257N16312,2022,31,NA,NA,FIONA,2022-09-16 09:00:00,TS,15.7396,-58.1277, , , ,main,641,618,P_____________, ,AL072022,15.7396,-58.1277, ,TS,47,1005,0,120,110, ,100, , , , , , , , ,1011,150,35, , , , , , , , , , , , , , , , , , , , , , , , , , , , , , , , , , , , , , , , , , , , , , , , , , , , , , , , , , , , , , , , , , , , , , , , , , , , , , , , , , , , , , , , , , , , , , , , , , , , , , , , , , , , , , , , , , , ,12,270,105,45,240,13,270
2022257N16312,2022,31,NA,NA,FIONA,2022-09-16 12:00:00,TS,15.8000,-58.8000,45,1005,hurdat_atl,main,618,610,O_____________,hurdat_atl,AL072022,15.8000,-58.8000, ,TS,45,1005,0,120,110, ,100, , , , , , , , ,1011,150,40, , , , , , , , , , , , , , , , , , , , , , , , , , , , , , , , , , , , , , , , , , , , , , , , , , , , , , , , , , , , , , , , , , , , , , , , , , , , , , , , , , , , , , , , , , , , , , , , , , , , , , , , , , , , , , ,55, , , , ,12,270,90,60,240,15,282
2022257N16312,2022,31,NA,NA,FIONA,2022-09-16 15:00:00,TS,16.0445,-59.6139, , , ,main,612,591,P_____________, ,AL072022,16.0445,-59.6139, ,TS,45,1005,0,120,110, ,95, , , , , , , , ,1011,150,40, , , , , , , , , , , , , , , , , , , , , , , , , , , , , , , , , , , , , , , , , , , , , , , , , , , , , , , , , , , , , , , , , , , , , , , , , , , , , , , , , , , , , , , , , , , , , , , , , , , , , , , , , , , , , , , , , , , ,12,285,105,75,270,16,288
2022257N16312,2022,31,NA,CS,FIONA,2022-09-16 18:00:00,TS,16.3000,-60.4000,45,1005,hurdat_atl,main,591,538,O_____________,hurdat_atl,AL072022,16.3000,-60.4000, ,TS,45,1005,0,120,110, ,90, , , , , , , , ,1011,150,40, , , , , , , , , , , , , , , , , , , , , , , , , , , , , , , , , , , , , , , , , , , , , , , , , , , , , , , , , , , , , , , , , , , , , , , , , , , , , , , , , , , , , , , , , , , , , , , , , , , , , , , , , , , , , , ,55, , , , ,12,300,120,90,300,13,285
2022257N16312,2022,31,NA,CS,FIONA,2022-09-16 21:00:00,TS,16.3874,-60.9314, , , ,main,538,489,P_____________, ,AL072022,16.3874,-60.9314, ,TS,47,1003,0,120,110, ,90, , , , , , , , ,1011,150,40, , , , , , , , , , , , , , , , , , , , , , , , , , , , , , , , , , , , , , , , , , , , , , , , , , , , , , , , , , , , , , , , , , , , , , , , , , , , , , , , , , , , , , , , , , , , , , , , , , , , , , , , , , , , , , , , , , , ,12,270,120,82,285,11,276
2022257N16312,2022,31,NA,CS,FIONA,2022-09-16 23:15:00,TS,16.4000,-61.4000,50,1002,hurdat_atl,main,489,470,V_____________,hurdat_atl,AL072022,16.4000,-61.4000,L,TS,50,1002,0,120,110, ,90,60, , , , , , , ,1011,150,40, , , , , , , , , , , , , , , , , , , , , , , , , , , , , , , , , , , , , , , , , , , , , , , , , , , , , , , , , , , , , , , , , , , , , , , , , , , , , , , , , , , , , , , , , , , , , , , , , , , , , , , , , , , , , , , , , , , ,12,247,120,76,273,13,271
2022257N16312,2022,31,NA,CS,FIONA,2022-09-17 00:00:00,TS,16.4000,-61.6000,50,1002,hurdat_atl,main,470,413,O_____________,hurdat_atl,AL072022,16.4000,-61.6000, ,TS,50,1002,0,120,110, ,90,60, , , , , , , ,1011,150,30, , , , , , , , , , , , , , , , , , , , , , , , , , , , , , , , , , , , , , , , , , , , , , , , , , , , , , , , , , , , , , , , , , , , , , , , , , , , , , , , , , , , , , , , , , , , , , , , , , , , , , , , , , , , , , ,60, , , , ,12,240,120,75,270,12,266
2022257N16312,2022,31,NA,CS,FIONA,2022-09-17 03:00:00,TS,16.3521,-62.2020, , , ,main,413,383,P_____________, ,AL072022,16.3521,-62.2020, ,TS,50,1001,0,115,105, ,85,55, , , , , , , ,1010,150,30, , , , , , , , , , , , , , , , , , , , , , , , , , , , , , , , , , , , , , , , , , , , , , , , , , , , , , , , , , , , , , , , , , , , , , , , , , , , , , , , , , , , , , , , , , , , , , , , , , , , , , , , , , , , , , , , , , , ,12,240,120,67,255,10,264
2022257N16312,2022,31,NA,CS,FIONA,2022-09-17 06:00:00,TS,16.3000,-62.6000,50,1000,hurdat_atl,main,383,348,O_____________,hurdat_atl,AL072022,16.3000,-62.6000, ,TS,50,1000,0,110,100, ,80,50, , , , , , , ,1010,150,30, , , , , , , , , , , , , , , , , , , , , , , , , , , , , , , , , , , , , , , , , , , , , , , , , , , , , , , , , , , , , , , , , , , , , , , , , , , , , , , , , , , , , , , , , , , , , , , , , , , , , , , , , , , , , , ,60, , , , ,12,240,120,60,240,7,269
2022257N16312,2022,31,NA,CS,FIONA,2022-09-17 09:00:00,TS,16.3348,-62.9724, , , ,main,348,316,P_____________, ,AL072022,16.3348,-62.9724, ,TS,50,1000,0,110,100, ,80,50, , , , , , , ,1010,150,30, , , , , , , , , , , , , , , , , , , , , , , , , , , , , , , , , , , , , , , , , , , , , , , , , , , , , , , , , , , , , , , , , , , , , , , , , , , , , , , , , , , , , , , , , , , , , , , , , , , , , , , , , , , , , , , , , , , ,12,240,105,60,225,7,278
2022257N16312,2022,31,NA,CS,FIONA,2022-09-17 12:00:00,TS,16.4000,-63.3000,50,1000,hurdat_atl,main,316,285,O_____________,hurdat_atl,AL072022,16.4000,-63.3000, ,TS,50,1000,0,110,100, ,80,50, , , , , , , ,1010,150,30, , , , , , , , , , , , , , , , , , , , , , , , , , , , , , , , , , , , , , , , , , , , , , , , , , , , , , , , , , , , , , , , , , , , , , , , , , , , , , , , , , , , , , , , , , , , , , , , , , , , , , , , , , , , , , ,60, , , , ,12,240,90,60,210,7,281
2022257N16312,2022,31,NA,CS,FIONA,2022-09-17 15:00:00,TS,16.4574,-63.6500, , , ,main,285,254,P_____________, ,AL072022,16.4574,-63.6500, ,TS,50,1001,0,110,110, ,80,40, , , , , , , ,1009,135,25, , , , , , , , , , , , , , , , , , , , , , , , , , , , , , , , , , , , , , , , , , , , , , , , , , , , , , , , , , , , , , , , , , , , , , , , , , , , , , , , , , , , , , , , , , , , , , , , , , , , , , , , , , , , , , , , , , , ,12,195,90,60,180,7,278
2022257N16312,2022,31,NA,CS,FIONA,2022-09-17 18:00:00,TS,16.5000,-64.0000,50,1002,hurdat_atl,main,254,231,O_____________,hurdat_atl,AL072022,16.5000,-64.0000, ,TS,50,1002,0,110,120, ,80,30, , , , , , , ,1009,120,20, , , , , , , , , , , , , , , , , , , , , , , , , , , , , , , , , , , , , , , , , , , , , , , , , , , , , , , , , , , , , , , , , , , , , , , , , , , , , , , , , , , , , , , , , , , , , , , , , , , , , , , , , , , , , , ,60, , , , ,12,150,90,60,150,7,272
2022257N16312,2022,31,NA,CS,FIONA,2022-09-17 21:00:00,TS,16.4774,-64.3427, , , ,main,231,204,P_____________, ,AL072022,16.4774,-64.3427, ,TS,50,999,0,110,120, ,80,30, , , , , , , ,1009,120,25, , , , , , , , , , , , , , , , , , , , , , , , , , , , , , , , , , , , , , , , , , , , , , , , , , , , , , , , , , , , , , , , , , , , , , , , , , , , , , , , , , , , , , , , , , , , , , , , , , , , , , , , , , , , , , , , , , , ,12,135,105,75,135,7,270
2022257N16312,2022,31,NA,CS,FIONA,2022-09-18 00:00:00,TS,16.5000,-64.7000,50,997,hurdat_atl,main,204,163,O_____________,hurdat_atl,AL072022,16.5000,-64.7000, ,TS,50,997,0,110,120,30,80,30, , , , , , , ,1009,120,30, , , , , , , , , , , , , , , , , , , , , , , , , , , , , , , , , , , , , , , , , , , , , , , , , , , , , , , , , , , , , , , , , , , , , , , , , , , , , , , , , , , , , , , , , , , , , , , , , , , , , , , , , , , , , , ,60, , , , ,12,120,120,90,120,8,285
2022257N16312,2022,31,NA,CS,FIONA,2022-09-18 03:00:00,TS,16.6775,-65.0998, , , ,main,163,127,P_____________, ,AL072022,16.6775,-65.0998, ,TS,52,995,0,110,120,30,80,40, , , , , , , ,1009,120,30, , , , , , , , , , , , , , , , , , , , , , , , , , , , , , , , , , , , , , , , , , , , , , , , , , , , , , , , , , , , , , , , , , , , , , , , , , , , , , , , , , , , , , , , , , , , , , , , , , , , , , , , , , , , , , , , , , , ,12,120,105,75,105,9,298
2022257N16312,2022,31,NA,CS,FIONA,2022-09-18 06:00:00,TS,16.9000,-65.5000,55,994,hurdat_atl,main,127,109,O_____________,hurdat_atl,AL072022,16.9000,-65.5000, ,TS,55,994,0,110,120,30,80,50, , , , , , , ,1009,120,30, , , , , , , , , , , , , , , , , , , , , , , , , , , , , , , , , , , , , , , , , , , , , , , , , , , , , , , , , , , , , , , , , , , , , , , , , , , , , , , , , , , , , , , , , , , , , , , , , , , , , , , , , , , , , , ,65, , , , ,12,120,90,60,90,8,296
2022257N16312,2022,31,NA,CS,FIONA,2022-09-18 09:00:00,TS,17.0349,-65.8577, , , ,main,105,78,P_____________, ,AL072022,17.0349,-65.8577, ,TS,60,992,0,110,120,30,80,50, , , , , , , ,1008,120,30, , , , , , , , , , , , , , , , , , , , , , , , , , , , , , , , , , , , , , , , , , , , , , , , , , , , , , , , , , , , , , , , , , , , , , , , , , , , , , , , , , , , , , , , , , , , , , , , , , , , , , , , , , , , , , , , , , , ,12,105,90,60,75,7,294
2022257N16312,2022,31,NA,CS,FIONA,2022-09-18 12:00:00,TS,17.2000,-66.2000,65,990,hurdat_atl,main,78,59,O_____________,hurdat_atl,AL072022,17.2000,-66.2000, ,HU,65,990,1,110,120,30,80,50,50, , ,25,25, , ,1008,120,30, , , , , , , , , , , , , , , , , , , , , , , , , , , , , , , , , , , , , , , , , , , , , , , , , , , , , , , , , , , , , , , , , , , , , , , , , , , , , , , , , , , , , , , , , , , , , , , , , , , , , , , , , , , , , , ,75, , , , ,12,90,90,60,60,8,303
2022257N16312,2022,31,NA,CS,FIONA,2022-09-18 15:00:00,TS,17.4429,-66.5245, , , ,main,64,11,P_____________, ,AL072022,17.4429,-66.5245, ,HU,70,988,1,110,120,30,80,50,50, , ,25,25, , ,1008,120,27, , , , , , , , , , , , , , , , , , , , , , , , , , , , , , , , , , , , , , , , , , , , , , , , , , , , , , , , , , , , , , , , , , , , , , , , , , , , , , , , , , , , , , , , , , , , , , , , , , , , , , , , , , , , , , , , , , , ,12,105,105,60,60,9,312
2022257N16312,2022,31,NA,CS,FIONA,2022-09-18 18:00:00,TS,17.8000,-66.9000,75,986,hurdat_atl,main,11,0,O_____________,hurdat_atl,AL072022,17.8000,-66.9000, ,HU,75,986,1,110,120,30,80,50,50, , ,25,25, , ,1008,120,25, , , , , , , , , , , , , , , , , , , , , , , , , , , , , , , , , , , , , , , , , , , , , , , , , , , , , , , , , , , , , , , , , , , , , , , , , , , , , , , , , , , , , , , , , , , , , , , , , , , , , , , , , , , , , , ,90, , , , ,12,120,120,60,60,11,315
2022257N16312,2022,31,NA,NA,FIONA,2022-09-18 19:20:00,TS,18.0000,-67.1000,75,986,hurdat_atl,main,0,0,V_____________,hurdat_atl,AL072022,18.0000,-67.1000,L,HU,75,986,1,110,120,30,80,50,50, , ,25,25, , ,1008,120,25, , , , , , , , , , , , , , , , , , , , , , , , , , , , , , , , , , , , , , , , , , , , , , , , , , , , , , , , , , , , , , , , , , , , , , , , , , , , , , , , , , , , , , , , , , , , , , , , , , , , , , , , , , , , , , , , , , , ,12,120,120,60,60,11,306
2022257N16312,2022,31,NA,CS,FIONA,2022-09-18 21:00:00,TS,18.1154,-67.3594, , , ,main,21,21,P_____________, ,AL072022,18.1154,-67.3594, ,HU,75,985,1,113,120,30,83,50,50, , ,25,25, , ,1008,127,21, , , , , , , , , , , , , , , , , , , , , , , , , , , , , , , , , , , , , , , , , , , , , , , , , , , , , , , , , , , , , , , , , , , , , , , , , , , , , , , , , , , , , , , , , , , , , , , , , , , , , , , , , , , , , , , , , , , ,12,120,120,60,60,9,279
2022257N16312,2022,31,NA,CS,FIONA,2022-09-19 00:00:00,TS,18.1000,-67.8000,75,984,hurdat_atl,main,62,47,O_____________,hurdat_atl,AL072022,18.1000,-67.8000, ,HU,75,984,1,120,120,30,90,50,50, ,30,25,25, ,15,1008,140,15, , , , , , , , , , , , , , , , , , , , , , , , , , , , , , , , , , , , , , , , , , , , , , , , , , , , , , , , , , , , , , , , , , , , , , , , , , , , , , , , , , , , , , , , , , , , , , , , , , , , , , , , , , , , , , ,90, , , , ,12,120,120,60,60,7,266
2022257N16312,2022,31,NA,CS,FIONA,2022-09-19 03:00:00,TS,18.0669,-68.1459, , , ,main,47,15,P_____________, ,AL072022,18.0669,-68.1459, ,HU,77,980,1,120,125,40,90,50,50, ,30,25,25, ,15,1008,140,15, , , , , , , , , , , , , , , , , , , , , , , , , , , , , , , , , , , , , , , , , , , , , , , , , , , , , , , , , , , , , , , , , , , , , , , , , , , , , , , , , , , , , , , , , , , , , , , , , , , , , , , , , , , , , , , , , , , , , , , , ,6,280
2022257N16312,2022,31,NA,CS,FIONA,2022-09-19 06:00:00,TS,18.2000,-68.4000,80,977,hurdat_atl,main,15,0,O_____________,hurdat_atl,AL072022,18.2000,-68.4000, ,HU,80,977,1,120,130,50,90,50,50, ,30,25,25, ,15,1008,140,15, , , , , , , , , , , , , , , , , , , , , , , , , , , , , , , , , , , , , , , , , , , , , , , , , , , , , , , , , , , , , , , , , , , , , , , , , , , , , , , , , , , , , , , , , , , , , , , , , , , , , , , , , , , , , , ,100, , , , , , , , , ,6,315
2022257N16312,2022,31,NA,CS,FIONA,2022-09-19 07:30:00,TS,18.4000,-68.5000,80,976,hurdat_atl,main,0,0,O_____________,hurdat_atl,AL072022,18.4000,-68.5000,L,HU,80,976,1,120,130,50,90,50,50, ,30,25,25, ,15,1008,140,15, , , , , , , , , , , , , , , , , , , , , , , , , , , , , , , , , , , , , , , , , , , , , , , , , , , , , , , , , , , , , , , , , , , , , , , , , , , , , , , , , , , , , , , , , , , , , , , , , , , , , , , , , , , , , , , , , , , , , , , , ,8,329
2022257N16312,2022,31,NA,NA,FIONA,2022-09-19 09:00:00,TS,18.5538,-68.6191, , , ,main,0,0,P_____________, ,AL072022,18.5538,-68.6191, ,HU,78,977,1,120,126,50,93,50,50, ,30,25,25, ,15,1008,133,15, , , , , , , , , , , , , , , , , , , , , , , , , , , , , , , , , , , , , , , , , , , , , , , , , , , , , , , , , , , , , , , , , , , , , , , , , , , , , , , , , , , , , , , , , , , , , , , , , , , , , , , , , , , , , , , , , , , , , , , , ,7,317
2022257N16312,2022,31,NA,NA,FIONA,2022-09-19 12:00:00,TS,18.8000,-68.9000,75,980,hurdat_atl,main,0,0,O_____________,hurdat_atl,AL072022,18.8000,-68.9000, ,HU,75,980,1,120,120,50,100,50,50, ,30,25,25, ,15,1008,120,15, , , , , , , , , , , , , , , , , , , , , , , , , , , , , , , , , , , , , , , , , , , , , , , , , , , , , , , , , , , , , , , , , , , , , , , , , , , , , , , , , , , , , , , , , , , , , , , , , , , , , , , , , , , , , , ,90, , , , ,12,120,90,60,120,8,317
2022257N16312,2022,31,NA,NA,FIONA,2022-09-19 15:00:00,TS,19.1356,-69.1943, , , ,main,11,0,P_____________, ,AL072022,19.1356,-69.1943, ,HU,80,976,1,120,120,50,100,50,50, ,35,25,25, ,17,1008,120,15, , , , , , , , , , , , , , , , , , , , , , , , , , , , , , , , , , , , , , , , , , , , , , , , , , , , , , , , , , , , , , , , , , , , , , , , , , , , , , , , , , , , , , , , , , , , , , , , , , , , , , , , , , , , , , , , , , , ,12,120,90, ,120,9,321
2022257N16312,2022,31,NA,NA,FIONA,2022-09-19 18:00:00,TS,19.5000,-69.5000,85,972,hurdat_atl,main,30,30,O_____________,hurdat_atl,AL072022,19.5000,-69.5000, ,HU,85,972,2,120,120,50,100,50,50, ,40,25,25, ,20,1008,120,15, , , , , , , , , , , , , , , , , , , , , , , , , , , , , , , , , , , , , , , , , , , , , , , , , , , , , , , , , , , , , , , , , , , , , , , , , , , , , , , , , , , , , , , , , , , , , , , , , , , , , , , , , , , , , , ,105, , , , ,12,120,90, ,120,9,322
2022257N16312,2022,31,NA,NA,FIONA,2022-09-19 21:00:00,TS,19.8575,-69.8001, , , ,main,39,35,P_____________, ,AL072022,19.8575,-69.8001, ,HU,90,973,2,125,125,55,100,55,50, ,40,25,25, ,20,1008,150,12, , , , , , , , , , , , , , , , , , , , , , , , , , , , , , , , , , , , , , , , , , , , , , , , , , , , , , , , , , , , , , , , , , , , , , , , , , , , , , , , , , , , , , , , , , , , , , , , , , , , , , , , , , , , , , , , , , , ,12,135,120, ,120,9,321
2022257N16312,2022,31,NA,NA,FIONA,2022-09-20 00:00:00,TS,20.2000,-70.1000,95,974,hurdat_atl,main,64,64,O_____________,hurdat_atl,AL072022,20.2000,-70.1000, ,HU,95,974,2,130,130,60,100,60,50,30,40,25,25,15,20,1008,180,10, , , , , , , , , , , , , , , , , , , , , , , , , , , , , , , , , , , , , , , , , , , , , , , , , , , , , , , , , , , , , , , , , , , , , , , , , , , , , , , , , , , , , , , , , , , , , , , , , , , , , , , , , , , , , , ,115, , , , ,12,150,150,30,120,9,318
2022257N16312,2022,31,NA,NA,FIONA,2022-09-20 03:00:00,TS,20.4974,-70.4100, , , ,main,81,78,P_____________, ,AL072022,20.4974,-70.4100, ,HU,97,970,3,130,130,60,100,60,50,35,45,25,25,17,22,1008,180,10, , , , , , , , , , , , , , , , , , , , , , , , , , , , , , , , , , , , , , , , , , , , , , , , , , , , , , , , , , , , , , , , , , , , , , , , , , , , , , , , , , , , , , , , , , , , , , , , , , , , , , , , , , , , , , , , , , , ,12,150,135,45,120,8,317
2022257N16312,2022,31,NA,NA,FIONA,2022-09-20 06:00:00,TS,20.8000,-70.7000,100,967,hurdat_atl,main,111,111,O_____________,hurdat_atl,AL072022,20.8000,-70.7000, ,HU,100,967,3,130,130,60,100,60,50,40,50,25,25,20,25,1008,180,10, , , , , , , , , , , , , , , , , , , , , , , , , , , , , , , , , , , , , , , , , , , , , , , , , , , , , , , , , , , , , , , , , , , , , , , , , , , , , , , , , , , , , , , , , , , , , , , , , , , , , , , , , , , , , , ,120, , , , ,12,150,120,60,120,8,324
2022257N16312,2022,31,NA,NA,FIONA,2022-09-20 09:00:00,TS,21.1697,-70.9303, , , ,main,156,156,P_____________, ,AL072022,21.1697,-70.9303, ,HU,100,964,3,130,130,60,100,60,50,40,50,25,25,20,25,1008,180,10, , , , , , , , , , , , , , , , , , , , , , , , , , , , , , , , , , , , , , , , , , , , , , , , , , , , , , , , , , , , , , , , , , , , , , , , , , , , , , , , , , , , , , , , , , , , , , , , , , , , , , , , , , , , , , , , , , , ,12,165,120,75,135,9,328
2022257N16312,2022,31,NA,NA,FIONA,2022-09-20 11:00:00,TS,21.4000,-71.1000,100,962,hurdat_atl,main,178,178,V_____________,hurdat_atl,AL072022,21.4000,-71.1000,L,HU,100,962,3,130,130,60,100,60,50,40,50,25,25,20,25,1008,180,10, , , , , , , , , , , , , , , , , , , , , , , , , , , , , , , , , , , , , , , , , , , , , , , , , , , , , , , , , , , , , , , , , , , , , , , , , , , , , , , , , , , , , , , , , , , , , , , , , , , , , , , , , , , , , , , , , , , ,12,175,120,85,145,8,323
2022257N16312,2022,31,NA,NA,FIONA,2022-09-20 12:00:00,TS,21.5000,-71.2000,100,961,hurdat_atl,main,189,169,O_____________,hurdat_atl,AL072022,21.5000,-71.2000, ,HU,100,961,3,130,130,80,120,70,60,40,60,30,25,20,25,1008,150,10, , , , , , , , , , , , , , , , , , , , , , , , , , , , , , , , , , , , , , , , , , , , , , , , , , , , , , , , , , , , , , , , , , , , , , , , , , , , , , , , , , , , , , , , , , , , , , , , , , , , , , , , , , , , , , ,120, , , , ,12,180,120,90,150,9,323
2022257N16312,2022,31,NA,NA,FIONA,2022-09-20 15:00:00,TS,21.8850,-71.4873, , , ,main,173,170,P_____________, ,AL072022,21.8850,-71.4873, ,HU,100,960,3,130,130,80,120,70,60,40,60,30,25,20,25,1008,155,10, , , , , , , , , , , , , , , , , , , , , , , , , , , , , , , , , , , , , , , , , , , , , , , , , , , , , , , , , , , , , , , , , , , , , , , , , , , , , , , , , , , , , , , , , , , , , , , , , , , , , , , , , , , , , , , , , , , ,12,180,120,90,150,9,330
2022257N16312,2022,31,NA,NA,FIONA,2022-09-20 18:00:00,TS,22.3000,-71.7000,100,959,hurdat_atl,main,182,182,O_____________,hurdat_atl,AL072022,22.3000,-71.7000, ,HU,100,959,3,130,130,80,120,70,60,40,60,30,25,20,25,1008,160,10, , , , , , , , , , , , , , , , , , , , , , , , , , , , , , , , , , , , , , , , , , , , , , , , , , , , , , , , , , , , , , , , , , , , , , , , , , , , , , , , , , , , , , , , , , , , , , , , , , , , , , , , , , , , , , ,120, , , , ,12,180,120,90,150,8,339
2022257N16312,2022,31,NA,NA,FIONA,2022-09-20 21:00:00,TS,22.6149,-71.7877, , , ,main,199,199,P_____________, ,AL072022,22.6149,-71.7877, ,HU,105,955,3,135,130,80,120,70,60,40,60,35,27,20,27,1008,160,12, , , , , , , , , , , , , , , , , , , , , , , , , , , , , , , , , , , , , , , , , , , , , , , , , , , , , , , , , , , , , , , , , , , , , , , , , , , , , , , , , , , , , , , , , , , , , , , , , , , , , , , , , , , , , , , , , , , ,12,180,120,90,150,6,352
2022257N16312,2022,31,NA,NA,FIONA,2022-09-21 00:00:00,TS,22.9000,-71.8000,110,951,hurdat_atl,main,226,226,O_____________,hurdat_atl,AL072022,22.9000,-71.8000, ,HU,110,951,3,140,130,80,120,70,60,40,60,40,30,20,30,1008,160,15,20, , , , , , , , , , , , , , , , , , , , , , , , , , , , , , , , , , , , , , , , , , , , , , , , , , , , , , , , , , , , , , , , , , , , , , , , , , , , , , , , , , , , , , , , , , , , , , , , , , , , , , , , , , , , , ,135, , , , ,12,180,120,90,150,6,0
2022257N16312,2022,31,NA,NA,FIONA,2022-09-21 03:00:00,TS,23.1925,-71.8150, , , ,main,255,255,P_____________, ,AL072022,23.1925,-71.8150, ,HU,115,945,4,140,130,80,120,70,60,40,60,40,30,20,30,1008,160,15, , , , , , , , , , , , , , , , , , , , , , , , , , , , , , , , , , , , , , , , , , , , , , , , , , , , , , , , , , , , , , , , , , , , , , , , , , , , , , , , , , , , , , , , , , , , , , , , , , , , , , , , , , , , , , , , , , , , , , , , ,6,1
2022257N16312,2022,31,NA,NA,FIONA,2022-09-21 06:00:00,TS,23.5000,-71.8000,120,939,hurdat_atl,main,285,285,O_____________,hurdat_atl,AL072022,23.5000,-71.8000, ,HU,120,939,4,140,130,80,120,70,60,40,60,40,30,20,30,1008,160,15, , , , , , , , , , , , , , , , , , , , , , , , , , , , , , , , , , , , , , , , , , , , , , , , , , , , , , , , , , , , , , , , , , , , , , , , , , , , , , , , , , , , , , , , , , , , , , , , , , , , , , , , , , , , , , , , , , , , , , , , ,6,6
2022257N16312,2022,31,NA,NA,FIONA,2022-09-21 09:00:00,TS,23.8275,-71.7575, , , ,main,315,315,P_____________, ,AL072022,23.8275,-71.7575, ,HU,117,938,4,140,150,80,120,70,75,40,60,40,35,20,30,1008,180,15, , , , , , , , , , , , , , , , , , , , , , , , , , , , , , , , , , , , , , , , , , , , , , , , , , , , , , , , , , , , , , , , , , , , , , , , , , , , , , , , , , , , , , , , , , , , , , , , , , , , , , , , , , , , , , , , , , , , , , , , ,7,7
2022257N16312,2022,31,NA,NA,FIONA,2022-09-21 12:00:00,TS,24.2000,-71.7000,115,937,hurdat_atl,main,360,360,O_____________,hurdat_atl,AL072022,24.2000,-71.7000, ,HU,115,937,4,140,170,80,120,70,90,40,60,40,40,20,30,1008,200,15, , , , , , , , , , , , , , , , , , , , , , , , , , , , , , , , , , , , , , , , , , , , , , , , , , , , , , , , , , , , , , , , , , , , , , , , , , , , , , , , , , , , , , , , , , , , , , , , , , , , , , , , , , , , , , ,140, , , , ,12,240,180,150,210,8,7
2022257N16312,2022,31,NA,NA,FIONA,2022-09-21 15:00:00,TS,24.6350,-71.6574, , , ,main,402,402,P_____________, ,AL072022,24.6350,-71.6574, ,HU,115,937,4,140,170,80,120,70,90,40,60,40,40,20,30,1008,205,15, , , , , , , , , , , , , , , , , , , , , , , , , , , , , , , , , , , , , , , , , , , , , , , , , , , , , , , , , , , , , , , , , , , , , , , , , , , , , , , , , , , , , , , , , , , , , , , , , , , , , , , , , , , , , , , , , , , ,12,240,180,150,210,9,5
2022257N16312,2022,31,NA,NA,FIONA,2022-09-21 18:00:00,TS,25.1000,-71.6000,115,937,hurdat_atl,main,458,458,O_____________,hurdat_atl,AL072022,25.1000,-71.6000, ,HU,115,937,4,140,170,80,120,70,90,40,60,40,40,20,30,1008,210,15, , , , , , , , , , , , , , , , , , , , , , , , , , , , , , , , , , , , , , , , , , , , , , , , , , , , , , , , , , , , , , , , , , , , , , , , , , , , , , , , , , , , , , , , , , , , , , , , , , , , , , , , , , , , , , ,140, , , , ,12,240,180,150,210,9,8
2022257N16312,2022,31,NA,NA,FIONA,2022-09-21 21:00:00,TS,25.5500,-71.5149, , , ,main,504,504,P_____________, ,AL072022,25.5500,-71.5149, ,HU,115,935,4,145,175,95,125,85,95,60,75,47,50,32,37,1008,225,15, , , , , , , , , , , , , , , , , , , , , , , , , , , , , , , , , , , , , , , , , , , , , , , , , , , , , , , , , , , , , , , , , , , , , , , , , , , , , , , , , , , , , , , , , , , , , , , , , , , , , , , , , , , , , , , , , , , ,12,240,180,165,225,9,11
2022257N16312,2022,31,NA,NA,FIONA,2022-09-22 00:00:00,TS,26.0000,-71.4000,115,934,hurdat_atl,main,560,560,O_____________,hurdat_atl,AL072022,26.0000,-71.4000, ,HU,115,934,4,150,180,110,130,100,100,80,90,55,60,45,45,1008,240,15, , , , , , , , , , , , , , , , , , , , , , , , , , , , , , , , , , , , , , , , , , , , , , , , , , , , , , , , , , , , , , , , , , , , , , , , , , , , , , , , , , , , , , , , , , , , , , , , , , , , , , , , , , , , , , ,140, , , , ,12,240,180,180,240,9,14
2022257N16312,2022,31,NA,NA,FIONA,2022-09-22 03:00:00,TS,26.4349,-71.2722, , , ,main,606,606,P_____________, ,AL072022,26.4349,-71.2722, ,HU,115,934,4,150,180,120,140,100,100,80,95,55,60,45,45,1008,240,15, , , , , , , , , , , , , , , , , , , , , , , , , , , , , , , , , , , , , , , , , , , , , , , , , , , , , , , , , , , , , , , , , , , , , , , , , , , , , , , , , , , , , , , , , , , , , , , , , , , , , , , , , , , , , , , , , , , ,12,240,195,195,255,9,17
2022257N16312,2022,31,NA,NA,FIONA,2022-09-22 06:00:00,TS,26.9000,-71.1000,115,934,hurdat_atl,main,665,665,O_____________,hurdat_atl,AL072022,26.9000,-71.1000, ,HU,115,934,4,150,180,130,150,100,100,80,100,55,60,45,45,1008,240,15, , , , , , , , , , , , , , , , , , , , , , , , , , , , , , , , , , , , , , , , , , , , , , , , , , , , , , , , , , , , , , , , , , , , , , , , , , , , , , , , , , , , , , , , , , , , , , , , , , , , , , , , , , , , , , ,140, , , , ,12,240,210,210,270,10,20
2022257N16312,2022,31,NA,NA,FIONA,2022-09-22 09:00:00,TS,27.4050,-70.8722, , , ,main,724,724,P_____________, ,AL072022,27.4050,-70.8722, ,HU,115,935,4,150,180,130,150,100,100,80,100,55,60,45,45,1008,240,17, , , , , , , , , , , , , , , , , , , , , , , , , , , , , , , , , , , , , , , , , , , , , , , , , , , , , , , , , , , , , , , , , , , , , , , , , , , , , , , , , , , , , , , , , , , , , , , , , , , , , , , , , , , , , , , , , , , ,12,240,225,225,270,12,22
2022257N16312,2022,31,NA,NA,FIONA,2022-09-22 12:00:00,TS,28.0000,-70.6000,115,936,hurdat_atl,main,797,797,O_____________,hurdat_atl,AL072022,28.0000,-70.6000, ,HU,115,936,4,150,180,130,150,100,100,80,100,55,60,45,45,1008,240,20, , , , , , , , , , , , , , , , , , , , , , , , , , , , , , , , , , , , , , , , , , , , , , , , , , , , , , , , , , , , , , , , , , , , , , , , , , , , , , , , , , , , , , , , , , , , , , , , , , , , , , , , , , , , , , ,135, , , , ,12,240,240,240,270,14,20
2022257N16312,2022,31,NA,NA,FIONA,2022-09-22 15:00:00,TS,28.7273,-70.3369, , , ,main,861,842,P_____________, ,AL072022,28.7273,-70.3369, ,HU,115,936,4,165,210,130,150,105,105,80,100,57,60,45,47,1007,255,20, , , , , , , , , , , , , , , , , , , , , , , , , , , , , , , , , , , , , , , , , , , , , , , , , , , , , , , , , , , , , , , , , , , , , , , , , , , , , , , , , , , , , , , , , , , , , , , , , , , , , , , , , , , , , , , , , , , ,12,240,255,255,255,16,19
2022257N16312,2022,31,NA,NA,FIONA,2022-09-22 18:00:00,TS,29.5000,-70.0000,115,936,hurdat_atl,main,842,816,O_____________,hurdat_atl,AL072022,29.5000,-70.0000, ,HU,115,936,4,180,240,130,150,110,110,80,100,60,60,45,50,1007,270,20, , , , , , , , , , , , , , , , , , , , , , , , , , , , , , , , , , , , , , , , , , , , , , , , , , , , , , , , , , , , , , , , , , , , , , , , , , , , , , , , , , , , , , , , , , , , , , , , , , , , , , , , , , , , , , ,140, , , , ,12,240,270,270,240,16,25
2022257N16312,2022,31,NA,NA,FIONA,2022-09-22 21:00:00,TS,30.1921,-69.5662, , , ,main,816,809,P_____________, ,AL072022,30.1921,-69.5662, ,HU,115,933,4,200,240,140,155,115,115,90,100,70,80,52,50,1005,235,20, , , , , , , , , , , , , , , , , , , , , , , , , , , , , , , , , , , , , , , , , , , , , , , , , , , , , , , , , , , , , , , , , , , , , , , , , , , , , , , , , , , , , , , , , , , , , , , , , , , , , , , , , , , , , , , , , , , ,12,240,285,255,240,16,32
2022257N16312,2022,31,NA,NA,FIONA,2022-09-23 00:00:00,TS,30.9000,-69.0000,115,931,hurdat_atl,main,812,804,O_____________,hurdat_atl,AL072022,30.9000,-69.0000, ,HU,115,931,4,220,240,150,160,120,120,100,100,80,100,60,50,1004,200,20, , , , , , , , , , , , , , , , , , , , , , , , , , , , , , , , , , , , , , , , , , , , , , , , , , , , , , , , , , , , , , , , , , , , , , , , , , , , , , , , , , , , , , , , , , , , , , , , , , , , , , , , , , , , , , ,140, , , , ,12,240,300,240,240,18,35
2022257N16312,2022,31,NA,NA,FIONA,2022-09-23 03:00:00,TS,31.6686,-68.3597, , , ,main,798,798,P_____________, ,AL072022,31.6686,-68.3597, ,HU,115,933,4,235,270,150,160,120,120,100,100,80,100,60,50,1003,200,20, , , , , , , , , , , , , , , , , , , , , , , , , , , , , , , , , , , , , , , , , , , , , , , , , , , , , , , , , , , , , , , , , , , , , , , , , , , , , , , , , , , , , , , , , , , , , , , , , , , , , , , , , , , , , , , , , , , , , , , , ,21,39
2022257N16312,2022,31,NA,NA,FIONA,2022-09-23 06:00:00,TS,32.5000,-67.5000,115,936,hurdat_atl,main,821,821,O_____________,hurdat_atl,AL072022,32.5000,-67.5000, ,HU,115,936,4,250,300,150,160,120,120,100,100,80,100,60,50,1002,200,20, , , , , , , , , , , , , , , , , , , , , , , , , , , , , , , , , , , , , , , , , , , , , , , , , , , , , , , , , , , , , , , , , , , , , , , , , , , , , , , , , , , , , , , , , , , , , , , , , , , , , , , , , , , , , , ,135, , , , , , , , , ,23,46
2022257N16312,2022,31,NA,NA,FIONA,2022-09-23 09:00:00,TS,33.2566,-66.3754, , , ,main,876,876,P_____________, ,AL072022,33.2566,-66.3754, ,HU,115,935,4,250,300,150,160,120,120,100,100,80,100,60,50,1002,200,22, , , , , , , , , , , , , , , , , , , , , , , , , , , , , , , , , , , , , , , , , , , , , , , , , , , , , , , , , , , , , , , , , , , , , , , , , , , , , , , , , , , , , , , , , , , , , , , , , , , , , , , , , , , , , , , , , , , , , , , , ,28,49
2022257N16312,2022,31,NA,NA,FIONA,2022-09-23 12:00:00,TS,34.3000,-65.0000,115,935,hurdat_atl,main,932,873,O_____________,hurdat_atl,AL072022,34.3000,-65.0000, ,HU,115,935,4,250,300,150,160,120,120,100,100,80,100,60,50,1002,200,25, , , , , , , , , , , , , , , , , , , , , , , , , , , , , , , , , , , , , , , , , , , , , , , , , , , , , , , , , , , , , , , , , , , , , , , , , , , , , , , , , , , , , , , , , , , , , , , , , , , , , , , , , , , , , , ,140, , , , ,12,240,390,390,390,37,45
2022257N16312,2022,31,NA,NA,FIONA,2022-09-23 15:00:00,TS,35.8536,-63.2497, , , ,main,864,709,P_____________, ,AL072022,35.8536,-63.2497, ,HU,112,937,3,250,300,165,180,120,120,100,110,80,100,60,65,1002,190,27, , , , , , , , , , , , , , , , , , , , , , , , , , , , , , , , , , , , , , , , , , , , , , , , , , , , , , , , , , , , , , , , , , , , , , , , , , , , , , , , , , , , , , , , , , , , , , , , , , , , , , , , , , , , , , , , , , , ,12,270,390,390,435,44,37
2022257N16312,2022,31,NA,NA,FIONA,2022-09-23 18:00:00,TS,37.8000,-61.7000,110,940,hurdat_atl,main,702,531,O_____________,hurdat_atl,AL072022,37.8000,-61.7000, ,HU,110,940,3,250,300,180,200,120,120,100,120,80,100,60,80,1002,180,30, , , , , , , , , , , , , , , , , , , , , , , , , , , , , , , , , , , , , , , , , , , , , , , , , , , , , , , , , , , , , , , , , , , , , , , , , , , , , , , , , , , , , , , , , , , , , , , , , , , , , , , , , , , , , , ,135, , , , ,12,300,390,390,480,46,23
2022257N16312,2022,31,NA,NA,FIONA,2022-09-23 21:00:00,TS,40.1057,-60.9114, , , ,main,522,323,P_____________, ,AL072022,40.1057,-60.9114, ,HU,105,936,3,250,300,190,200,135,150,120,145,90,130,90,80,1002,180,60, , , , , , , , , , , , , , , , , , , , , , , , , , , , , , , , , , , , , , , , , , , , , , , , , , , , , , , , , , , , , , , , , , , , , , , , , , , , , , , , , , , , , , , , , , , , , , , , , , , , , , , , , , , , , , , , , , , ,12,285,435,510,510,46,10
2022257N16312,2022,31,NA,NA,FIONA,2022-09-24 00:00:00,ET,42.3000,-60.7000,100,932,hurdat_atl,main,313,144,O_____________,hurdat_atl,AL072022,42.3000,-60.7000, ,EX,100,932,-4,250,300,200,200,150,180,140,170,100,160,120,80,1002,180,90, , , , , , , , , , , , , , , , , , , , , , , , , , , , , , , , , , , , , , , , , , , , , , , , , , , , , , , , , , , , , , , , , , , , , , , , , , , , , , , , , , , , , , , , , , , , , , , , , , , , , , , , , , , , , , ,120, , , , ,12,270,480,630,540,39,0
2022257N16312,2022,31,NA,NA,FIONA,2022-09-24 03:00:00,ET,43.9600,-60.9180, , , ,main,134,22,P_____________, ,AL072022,43.9600,-60.9180, ,EX,92,931,-4,262,325,275,237,165,200,170,170,100,155,120,80,1001,240,95, , , , , , , , , , , , , , , , , , , , , , , , , , , , , , , , , , , , , , , , , , , , , , , , , , , , , , , , , , , , , , , , , , , , , , , , , , , , , , , , , , , , , , , , , , , , , , , , , , , , , , , , , , , , , , , , , , , ,12,270,540,675,480,27,352
2022257N16312,2022,31,NA,NA,FIONA,2022-09-24 06:00:00,ET,45.0000,-61.2000,85,931,hurdat_atl,main,22,0,O_____________,hurdat_atl,AL072022,45.0000,-61.2000, ,EX,85,931,-4,275,350,350,275,180,220,200,170,100,150,120,80,1000,300,100, , , , , , , , , , , , , , , , , , , , , , , , , , , , , , , , , , , , , , , , , , , , , , , , , , , , , , , , , , , , , , , , , , , , , , , , , , , , , , , , , , , , , , , , , , , , , , , , , , , , , , , , , , , , , , ,105, , , , ,12,270,600,720,420,19,351
2022257N16312,2022,31,NA,NA,FIONA,2022-09-24 07:00:00,ET,45.2000,-61.2000,85,931,hurdat_atl,main,0,0,V_____________,hurdat_atl,AL072022,45.2000,-61.2000,L,EX,85,931,-4,275,350,350,275,180,220,200,170,100,150,120,80,1000,300,100, , , , , , , , , , , , , , , , , , , , , , , , , , , , , , , , , , , , , , , , , , , , , , , , , , , , , , , , , , , , , , , , , , , , , , , , , , , , , , , , , , , , , , , , , , , , , , , , , , , , , , , , , , , , , , , , , , , ,12,270,640,730,389,16,359
2022257N16312,2022,31,NA,NA,FIONA,2022-09-24 09:00:00,ET,45.7852,-61.2142, , , ,main,0,0,P_____________, ,AL072022,45.7852,-61.2142, ,EX,81,933,-4,273,350,350,261,168,204,192,162,100,130, , ,1000,300,100, , , , , , , , , , , , , , , , , , , , , , , , , , , , , , , , , , , , , , , , , , , , , , , , , , , , , , , , , , , , , , , , , , , , , , , , , , , , , , , , , , , , , , , , , , , , , , , , , , , , , , , , , , , , , , , , , , , ,12,270,720,750,330,19,0
2022257N16312,2022,31,NA,NA,FIONA,2022-09-24 12:00:00,ET,46.8000,-61.2000,75,938,hurdat_atl,main,25,25,O_____________,hurdat_atl,AL072022,46.8000,-61.2000, ,EX,75,938,-4,270,350,350,240,150,180,180,150,100,100, , ,1000,300,100, , , , , , , , , , , , , , , , , , , , , , , , , , , , , , , , , , , , , , , , , , , , , , , , , , , , , , , , , , , , , , , , , , , , , , , , , , , , , , , , , , , , , , , , , , , , , , , , , , , , , , , , , , , , , , ,85, , , , ,12,270,840,780,240,16,3
2022257N16312,2022,31,NA,NA,FIONA,2022-09-24 15:00:00,ET,47.4318,-61.0762, , , ,main,63,63,P_____________, ,AL072022,47.4318,-61.0762, ,EX,70,945,-4,270,355,415,225,135,165,165,135,95,95, , ,1000,300,100, , , , , , , , , , , , , , , , , , , , , , , , , , , , , , , , , , , , , , , , , , , , , , , , , , , , , , , , , , , , , , , , , , , , , , , , , , , , , , , , , , , , , , , , , , , , , , , , , , , , , , , , , , , , , , , , , , , ,12,315, ,780,210,11,14
2022257N16312,2022,31,NA,NA,FIONA,2022-09-24 18:00:00,ET,47.9000,-60.8000,65,952,hurdat_atl,main,103,81,O_____________,hurdat_atl,AL072022,47.9000,-60.8000, ,EX,65,952,-4,270,360,480,210,120,150,150,120,90,90, , ,1000,300,100, , , , , , , , , , , , , , , , , , , , , , , , , , , , , , , , , , , , , , , , , , , , , , , , , , , , , , , , , , , , , , , , , , , , , , , , , , , , , , , , , , , , , , , , , , , , , , , , , , , , , , , , , , , , , , ,75, , , , ,12,360, ,780,180,10,29
2022257N16312,2022,31,NA,NA,FIONA,2022-09-24 21:00:00,ET,48.2976,-60.3573, , , ,main,86,55,P_____________, ,AL072022,48.2976,-60.3573, ,EX,62,960,-4,235,405,480,210,105,135,135,105, , , , ,1001,350,100, , , , , , , , , , , , , , , , , , , , , , , , , , , , , , , , , , , , , , , , , , , , , , , , , , , , , , , , , , , , , , , , , , , , , , , , , , , , , , , , , , , , , , , , , , , , , , , , , , , , , , , , , , , , , , , , , , , , , , , , ,11,36
2022257N16312,2022,31,NA,NA,FIONA,2022-09-25 00:00:00,ET,48.8000,-59.8000,60,968,hurdat_atl,main,55,55,O_____________,hurdat_atl,AL072022,48.8000,-59.8000, ,EX,60,968,-4,200,450,480,210,90,120,120,90, , , , ,1002,400,100, , , , , , , , , , , , , , , , , , , , , , , , , , , , , , , , , , , , , , , , , , , , , , , , , , , , , , , , , , , , , , , , , , , , , , , , , , , , , , , , , , , , , , , , , , , , , , , , , , , , , , , , , , , , , , , , , , , , , , , , ,15,31
2022257N16312,2022,31,NA,NA,FIONA,2022-09-25 03:00:00,ET,49.6072,-59.1795, , , ,main,75,30,P_____________, ,AL072022,49.6072,-59.1795, ,EX,55,970,-4,160,325,320,185, ,90, , , , , , ,1002,400,80, , , , , , , , , , , , , , , , , , , , , , , , , , , , , , , , , , , , , , , , , , , , , , , , , , , , , , , , , , , , , , , , , , , , , , , , , , , , , , , , , , , , , , , , , , , , , , , , , , , , , , , , , , , , , , , , , , , , , , , , ,20,23
2022257N16312,2022,31,NA,NA,FIONA,2022-09-25 06:00:00,ET,50.6000,-58.6000,50,972,hurdat_atl,main,30,0,O_____________,hurdat_atl,AL072022,50.6000,-58.6000, ,EX,50,972,-4,120,200,160,160, ,60, , , , , , ,1002,400,60, , , , , , , , , , , , , , , , , , , , , , , , , , , , , , , , , , , , , , , , , , , , , , , , , , , , , , , , , , , , , , , , , , , , , , , , , , , , , , , , , , , , , , , , , , , , , , , , , , , , , , , , , , , , , , , , , , , , , , , , ,21,18
2022257N16312,2022,31,NA,NA,FIONA,2022-09-25 08:00:00,ET,51.3000,-58.3000,45,974,hurdat_atl,main,0,0,O_____________,hurdat_atl,AL072022,51.3000,-58.3000,L,EX,45,974,-4,120,200,160,160, , , , , , , , ,1002,400,60, , , , , , , , , , , , , , , , , , , , , , , , , , , , , , , , , , , , , , , , , , , , , , , , , , , , , , , , , , , , , , , , , , , , , , , , , , , , , , , , , , , , , , , , , , , , , , , , , , , , , , , , , , , , , , , , , , , , , , , , ,23,16
2022257N16312,2022,31,NA,NA,FIONA,2022-09-25 09:00:00,ET,51.7154,-58.0926, , , ,main,0,0,P_____________, ,AL072022,51.7154,-58.0926, ,EX,45,975,-4,120,200,160,160, , , , , , , , ,1002,400,60, , , , , , , , , , , , , , , , , , , , , , , , , , , , , , , , , , , , , , , , , , , , , , , , , , , , , , , , , , , , , , , , , , , , , , , , , , , , , , , , , , , , , , , , , , , , , , , , , , , , , , , , , , , , , , , , , , , , , , , , ,28,15
2022257N16312,2022,31,NA,NA,FIONA,2022-09-25 12:00:00,ET,53.1000,-57.5000,45,981,hurdat_atl,main,0,0,O_____________,hurdat_atl,AL072022,53.1000,-57.5000, ,EX,45,981,-4,120,200,160,160, , , , , , , , ,1002,400,60, , , , , , , , , , , , , , , , , , , , , , , , , , , , , , , , , , , , , , , , , , , , , , , , , , , , , , , , , , , , , , , , , , , , , , , , , , , , , , , , , , , , , , , , , , , , , , , , , , , , , , , , , , , , , , , , , , , , , , , , ,27,7
2022257N16312,2022,31,NA,NA,FIONA,2022-09-25 15:00:00,ET,54.3552,-57.5521, , , ,main,0,0,P_____________, ,AL072022,54.3552,-57.5521, ,EX,42,982,-4,120,200,160,160, , , , , , , , ,1002,400,60, , , , , , , , , , , , , , , , , , , , , , , , , , , , , , , , , , , , , , , , , , , , , , , , , , , , , , , , , , , , , , , , , , , , , , , , , , , , , , , , , , , , , , , , , , , , , , , , , , , , , , , , , , , , , , , , , , , , , , , , ,24,353
2022257N16312,2022,31,NA,NA,FIONA,2022-09-25 18:00:00,ET,55.5000,-58.0000,40,984,hurdat_atl,main,71,71,O_____________,hurdat_atl,AL072022,55.5000,-58.0000, ,EX,40,984,-4,120,200,160,160, , , , , , , , ,1002,400,60, , , , , , , , , , , , , , , , , , , , , , , , , , , , , , , , , , , , , , , , , , , , , , , , , , , , , , , , , , , , , , , , , , , , , , , , , , , , , , , , , , , , , , , , , , , , , , , , , , , , , , , , , , , , , , , , , , , , , , , , ,23,346
2022257N16312,2022,31,NA,NA,FIONA,2022-09-25 21:00:00,ET,56.6056,-58.5310, , , ,main,153,144,P_____________, ,AL072022,56.6056,-58.5310, ,EX,37,984,-4,120,200,160,160, , , , , , , , ,1002,400,60, , , , , , , , , , , , , , , , , , , , , , , , , , , , , , , , , , , , , , , , , , , , , , , , , , , , , , , , , , , , , , , , , , , , , , , , , , , , , , , , , , , , , , , , , , , , , , , , , , , , , , , , , , , , , , , , , , , , , , , , ,21,345
2022257N16312,2022,31,NA,NA,FIONA,2022-09-26 00:00:00,ET,57.5000,-59.0000,35,985,hurdat_atl,main,148,148,O_____________,hurdat_atl,AL072022,57.5000,-59.0000, ,EX,35,985,-4,120,200,160,160, , , , , , , , ,1002,400,60, , , , , , , , , , , , , , , , , , , , , , , , , , , , , , , , , , , , , , , , , , , , , , , , , , , , , , , , , , , , , , , , , , , , , , , , , , , , , , , , , , , , , , , , , , , , , , , , , , , , , , , , , , , , , , , , , , , , , , , , ,15,349
2022257N16312,2022,31,NA,NA,FIONA,2022-09-26 03:00:00,ET,58.0746,-59.0803, , , ,main,167,167,P_____________, ,AL072022,58.0746,-59.0803, ,EX,35,985,-4,120,200,160,160, , , , , , , , ,1002,400,60, , , , , , , , , , , , , , , , , , , , , , , , , , , , , , , , , , , , , , , , , , , , , , , , , , , , , , , , , , , , , , , , , , , , , , , , , , , , , , , , , , , , , , , , , , , , , , , , , , , , , , , , , , , , , , , , , , , , , , , , ,10,1
2022257N16312,2022,31,NA,NA,FIONA,2022-09-26 06:00:00,ET,58.5000,-59.0000,35,985,hurdat_atl,main,186,186,O_____________,hurdat_atl,AL072022,58.5000,-59.0000, ,EX,35,985,-4,120,200,160,160, , , , , , , , ,1002,400,60, , , , , , , , , , , , , , , , , , , , , , , , , , , , , , , , , , , , , , , , , , , , , , , , , , , , , , , , , , , , , , , , , , , , , , , , , , , , , , , , , , , , , , , , , , , , , , , , , , , , , , , , , , , , , , , , , , , , , , , , ,9,0
2022257N16312,2022,31,NA,NA,FIONA,2022-09-26 09:00:00,ET,58.9999,-59.0359, , , ,main,214,214,P_____________, ,AL072022,58.9999,-59.0359, ,EX,35,985,-4,120,200,160,160, , , , , , , , ,1002,400,60, , , , , , , , , , , , , , , , , , , , , , , , , , , , , , , , , , , , , , , , , , , , , , , , , , , , , , , , , , , , , , , , , , , , , , , , , , , , , , , , , , , , , , , , , , , , , , , , , , , , , , , , , , , , , , , , , , , , , , , , ,10,1
2022257N16312,2022,31,NA,NA,FIONA,2022-09-26 12:00:00,ET,59.5000,-59.0000,35,986,hurdat_atl,main,234,234,O_____________,hurdat_atl,AL072022,59.5000,-59.0000, ,EX,35,986,-4,120,200,160,160, , , , , , , , ,1002,400,60, , , , , , , , , , , , , , , , , , , , , , , , , , , , , , , , , , , , , , , , , , , , , , , , , , , , , , , , , , , , , , , , , , , , , , , , , , , , , , , , , , , , , , , , , , , , , , , , , , , , , , , , , , , , , , , , , , , , , , , , ,10,7
2022257N16312,2022,31,NA,NA,FIONA,2022-09-26 15:00:00,ET,60.0001,-58.7884, , , ,main,266,266,P_____________, ,AL072022,60.0001,-58.7884, ,EX,35,987,-4,120,200,160,140, , , , , , , , ,1002,400,60, , , , , , , , , , , , , , , , , , , , , , , , , , , , , , , , , , , , , , , , , , , , , , , , , , , , , , , , , , , , , , , , , , , , , , , , , , , , , , , , , , , , , , , , , , , , , , , , , , , , , , , , , , , , , , , , , , , , , , , , ,10,14
2022257N16312,2022,31,NA,NA,FIONA,2022-09-26 18:00:00,ET,60.5000,-58.5000,35,988,hurdat_atl,main,307,307,O_____________,hurdat_atl,AL072022,60.5000,-58.5000, ,EX,35,988,-4,120,200,160,120, , , , , , , , ,1002,400,60, , , , , , , , , , , , , , , , , , , , , , , , , , , , , , , , , , , , , , , , , , , , , , , , , , , , , , , , , , , , , , , , , , , , , , , , , , , , , , , , , , , , , , , , , , , , , , , , , , , , , , , , , , , , , , , , , , , , , , , , ,10,14
2022257N16312,2022,31,NA,NA,FIONA,2022-09-26 21:00:00,ET,60.9997,-58.2849, , , ,main,339,339,P_____________, ,AL072022,60.9997,-58.2849, ,EX,35,991,-4,120,200,160,120, , , , , , , , ,1002,400,60, , , , , , , , , , , , , , , , , , , , , , , , , , , , , , , , , , , , , , , , , , , , , , , , , , , , , , , , , , , , , , , , , , , , , , , , , , , , , , , , , , , , , , , , , , , , , , , , , , , , , , , , , , , , , , , , , , , , , , , , ,10,14
2022257N16312,2022,31,NA,NA,FIONA,2022-09-27 00:00:00,ET,61.5000,-58.0000,35,994,hurdat_atl,main,373,354,O_____________,hurdat_atl,AL072022,61.5000,-58.0000, ,EX,35,994,-4,120,200,160,120, , , , , , , , ,1002,400,60, , , , , , , , , , , , , , , , , , , , , , , , , , , , , , , , , , , , , , , , , , , , , , , , , , , , , , , , , , , , , , , , , , , , , , , , , , , , , , , , , , , , , , , , , , , , , , , , , , , , , , , , , , , , , , , , , , , , , , , , ,11,18
2022257N16312,2022,31,NA,NA,FIONA,2022-09-27 03:00:00,ET,62.0141,-57.6102, , , ,main,354,300,P_____________, ,AL072022,62.0141,-57.6102, ,EX,35,996,-4,120,200,160,120, , , , , , , , ,1002,400,60, , , , , , , , , , , , , , , , , , , , , , , , , , , , , , , , , , , , , , , , , , , , , , , , , , , , , , , , , , , , , , , , , , , , , , , , , , , , , , , , , , , , , , , , , , , , , , , , , , , , , , , , , , , , , , , , , , , , , , , , ,11,25
2022257N16312,2022,31,NA,NA,FIONA,2022-09-27 06:00:00,ET,62.5000,-57.0000,35,998,hurdat_atl,main,300,244,O_____________,hurdat_atl,AL072022,62.5000,-57.0000, ,EX,35,998,-4,120,200,160,120, , , , , , , , ,1002,400,60, , , , , , , , , , , , , , , , , , , , , , , , , , , , , , , , , , , , , , , , , , , , , , , , , , , , , , , , , , , , , , , , , , , , , , , , , , , , , , , , , , , , , , , , , , , , , , , , , , , , , , , , , , , , , , , , , , , , , , , , ,11,37
2022257N16312,2022,31,NA,NA,FIONA,2022-09-27 09:00:00,ET,62.9213,-56.1472, , , ,main,240,178,P_____________, ,AL072022,62.9213,-56.1472, ,EX,35,999,-4,120,200,160,120, , , , , , , , ,1002,400,60, , , , , , , , , , , , , , , , , , , , , , , , , , , , , , , , , , , , , , , , , , , , , , , , , , , , , , , , , , , , , , , , , , , , , , , , , , , , , , , , , , , , , , , , , , , , , , , , , , , , , , , , , , , , , , , , , , , , , , , , ,12,49
2022257N16312,2022,31,NA,NA,FIONA,2022-09-27 12:00:00,ET,63.3000,-55.0000,35,1000,hurdat_atl,main,173,103,O_____________,hurdat_atl,AL072022,63.3000,-55.0000, ,EX,35,1000,-4,120,200,160,120, , , , , , , , ,1002,400,60, , , , , , , , , , , , , , , , , , , , , , , , , , , , , , , , , , , , , , , , , , , , , , , , , , , , , , , , , , , , , , , , , , , , , , , , , , , , , , , , , , , , , , , , , , , , , , , , , , , , , , , , , , , , , , , , , , , , , , , , ,14,57
2022257N16312,2022,31,NA,NA,FIONA,2022-09-27 15:00:00,ET,63.6591,-53.5833, , , ,main,95,22,P_____________, ,AL072022,63.6591,-53.5833, ,EX,30,1001,-4, , , , , , , , , , , , ,1002,400,60, , , , , , , , , , , , , , , , , , , , , , , , , , , , , , , , , , , , , , , , , , , , , , , , , , , , , , , , , , , , , , , , , , , , , , , , , , , , , , , , , , , , , , , , , , , , , , , , , , , , , , , , , , , , , , , , , , , , , , , , ,15,62
2022257N16312,2022,31,NA,NA,FIONA,2022-09-27 18:00:00,ET,64.0000,-52.0000,25,1002,hurdat_atl,main,22, ,O_____________,hurdat_atl,AL072022,64.0000,-52.0000, ,EX,25,1002,-4, , , , , , , , , , , , ,1002,400,60, , , , , , , , , , , , , , , , , , , , , , , , , , , , , , , , , , , , , , , , , , , , , , , , , , , , , , , , , , , , , , , , , , , , , , , , , , , , , , , , , , , , , , , , , , , , , , , , , , , , , , , , , , , , , , , , , , , , , , , , ,15,64
